{"pu": {"pleasant": {"friend": 2.9489143214013893, "love": 1.1952667712589573, "diamond": 0.5098812098440249, "honor": 0.5089802294114634, "gentle": 0.5049055614508688, "happy": 0.43715898622758687, "health": 0.27587971472530626, "cheer": 0.24746510591648985, "loyal": 0.18031309320940636, "honest": 0.14657568396978604, "rainbow": 0.127982040081406, "family": 0.11336384225685947, "peace": 0.07792163226986304, "caress": 0, "freedom": 0, "heaven": 0, "pleasure": 0, "lucky": 0, "diploma": 0, "gift": 0, "miracle": 0, "sunrise": 0, "laughter": 0, "paradise": 0, "vacation": 0}, "unpleasant": {"murder": 1.2502470313047525, "death": 1.1218660217446086, "kill": 0.39920042594894767, "evil": 0.3023661458864808, "accident": 0.18099465065552067, "abuse": 0, "crash": 0, "filth": 0, "sickness": 0, "grief": 0, "poison": 0, "stink": 0, "assault": 0, "disaster": 0, "hatred": 0, "pollute": 0, "tragedy": 0, "bomb": 0, "divorce": 0, "jail": 0, "poverty": 0, "ugly": 0, "cancer": 0, "rotten": 0, "vomit": 0}, "appearances": {"caress": 0, "freedom": 0, "health": 24, "love": 48, "peace": 12, "cheer": 24, "friend": 72, "heaven": 0, "loyal": 12, "pleasure": 0, "diamond": 36, "gentle": 12, "honest": 24, "lucky": 0, "rainbow": 12, "diploma": 0, "gift": 0, "honor": 36, "miracle": 0, "sunrise": 0, "family": 24, "happy": 12, "laughter": 0, "paradise": 0, "vacation": 0, "abuse": 0, "crash": 0, "filth": 0, "murder": 48, "sickness": 0, "accident": 24, "death": 84, "grief": 0, "poison": 0, "stink": 0, "assault": 0, "disaster": 0, "hatred": 0, "pollute": 0, "tragedy": 0, "bomb": 0, "divorce": 0, "jail": 0, "poverty": 0, "ugly": 0, "cancer": 0, "evil": 12, "kill": 12, "rotten": 0, "vomit": 0}}}