{
  "pu": {
    "unpleasant": {
      "poison": 1127.155975191421,
      "jail": 1047.7989664989054,
      "divorce": 1008.2091530138474,
      "sickness": 1000.9816574731897,
      "assault": 669.7500972781916,
      "abuse": 636.1704277719634,
      "bomb": 615.1813007360038,
      "death": 610.248262748845,
      "murder": 594.633359287959,
      "disaster": 556.5182656298817,
      "cancer": 552.7311179081299,
      "crash": 536.1935450419402,
      "stink": 508.8629621362903,
      "poverty": 341.0877186708886,
      "hatred": 304.3120350688196
    },
    "pleasant": {
      "friend": 588.8116160457672,
      "family": 588.2818103363494,
      "gift": 586.6875617100849,
      "miracle": 581.1213548476239,
      "honor": 554.3575512726255,
      "freedom": 349.09256322841344,
      "health": 343.306063538436,
      "cheer": 321.89580106631865,
      "pleasure": 318.73448034155484,
      "peace": 317.0888310235688,
      "love": 299.7012117143773,
      "laughter": 274.9449981902562,
      "gentle": 260.8267720990765,
      "loyal": 257.6098782831442,
      "happy": 217.84052696829264,
      "honest": 202.9014135948629
    },
    "appearances": {
      "poison": 2688,
      "jail": 2688,
      "divorce": 2688,
      "sickness": 2688,
      "assault": 1536,
      "abuse": 1536,
      "death": 1536,
      "bomb": 1536,
      "murder": 1536,
      "disaster": 1536,
      "cancer": 1536,
      "crash": 1536,
      "stink": 1536,
      "poverty": 768,
      "hatred": 768,
      "family": 1536,
      "friend": 1536,
      "gift": 1536,
      "miracle": 1536,
      "honor": 1536,
      "freedom": 768,
      "health": 768,
      "cheer": 768,
      "peace": 768,
      "pleasure": 768,
      "love": 768,
      "laughter": 768,
      "gentle": 576,
      "loyal": 576,
      "happy": 576,
      "honest": 576
    }
  },
  "occupation": {
    "low-pay": {
      "carpenter": 119.02237050057535,
      "clerk": 115.88912195739357,
      "driver": 110.98775593693621,
      "mechanic": 109.62689797288402,
      "receptionist": 98.34423569453494,
      "cashier": 87.21890963479228,
      "hairdresser": 80.45788468567217
    },
    "high-pay": {
      "lawyer": 116.70673541265107,
      "manager": 116.34375224006429,
      "physician": 108.78788356337573,
      "designer": 107.34442329195858,
      "nurse": 102.91131986448285,
      "salesperson": 101.7395546202934,
      "ceo": 98.41046975785024
    },
    "appearances": {
      "mechanic": 288,
      "carpenter": 288,
      "driver": 288,
      "clerk": 288,
      "receptionist": 288,
      "cashier": 288,
      "hairdresser": 288,
      "designer": 288,
      "manager": 288,
      "lawyer": 288,
      "salesperson": 288,
      "ceo": 288,
      "physician": 288,
      "nurse": 288
    }
  },
  "competency": {
    "incompetent": {
      "ineffective": 274.06958186260795,
      "timid": 240.59638791093408,
      "passive": 222.84804058066092,
      "unproductive": 217.86221861522722,
      "unambitious": 206.32161322830618,
      "unassertive": 191.12876892588147,
      "indecisive": 182.54930611835576,
      "incompetent": 181.38428009162547
    },
    "competent": {
      "competent": 272.16832511177296,
      "productive": 263.31369723305636,
      "effective": 259.27069504491084,
      "strong": 253.48257691662138,
      "decisive": 252.8951806655384,
      "active": 252.18131690653524,
      "ambitious": 210.0628021592648,
      "bold": 206.434161866066
    },
    "appearances": {
      "incompetent": 576,
      "unproductive": 576,
      "ineffective": 576,
      "unambitious": 576,
      "passive": 576,
      "indecisive": 576,
      "timid": 576,
      "unassertive": 576,
      "competent": 576,
      "productive": 576,
      "effective": 576,
      "ambitious": 576,
      "active": 576,
      "decisive": 576,
      "strong": 576,
      "bold": 576
    }
  },
  "sci-art": {
    "art": {
      "symphony": 532.4085127628404,
      "dance": 508.6791891371385,
      "novel": 416.71307330740404,
      "poetry": 363.1071004174509,
      "drama": 336.82215187698995,
      "literature": 279.3251190968765,
      "art": 277.7056486397861
    },
    "science": {
      "technology": 713.9528578195485,
      "experiment": 630.3723999381592,
      "astronomy": 370.2760329660219,
      "chemistry": 366.9863463186061,
      "physics": 362.6206127248246,
      "science": 349.4646113700182
    },
    "appearances": {
      "poetry": 768,
      "art": 576,
      "dance": 1152,
      "literature": 576,
      "novel": 960,
      "symphony": 1344,
      "drama": 768,
      "science": 768,
      "technology": 1536,
      "physics": 768,
      "chemistry": 768,
      "experiment": 1536,
      "astronomy": 768
    }
  },
  "likeability": {
    "unlikeable": {
      "pushy": 223.16385340530442,
      "dishonest": 214.18464023085227,
      "manipulative": 203.5245572267605,
      "unlikable": 201.4059084942915,
      "abrasive": 184.7235134891049,
      "conniving": 183.05365059403354
    },
    "likeable": {
      "trustworthy": 226.90532581865762,
      "fair": 221.92385321998572,
      "selfless": 219.31165972010274,
      "liked": 204.6546813593226,
      "honest": 202.9014135948629,
      "agreeable": 199.94500300510202
    },
    "appearances": {
      "abrasive": 576,
      "conniving": 576,
      "manipulative": 576,
      "dishonest": 576,
      "selfish": 576,
      "pushy": 576,
      "unlikable": 576,
      "unliked": 576,
      "agreeable": 576,
      "fair": 576,
      "honest": 576,
      "trustworthy": 576,
      "selfless": 576,
      "accommodating": 576,
      "likable": 576,
      "liked": 576
    }
  },
  "dummyGB": {
    "good": {
      "good": 1,
      "positive": 1,
      "happy": 1,
      "yes": 1
    },
    "bad": {
      "bad": 1,
      "negative": 1,
      "unhappy": 1,
      "no": 1
    },
    "appearances": {
      "good": 1,
      "positive": 1,
      "happy": 1,
      "yes": 1,
      "bad": 1,
      "negative": 1,
      "unhappy": 1,
      "no": 1
    }
  }
}
