{"pu": {"unpleasant": {"death": 104.14818074865403, "murder": 21.57293185694228, "evil": 19.87536289383313, "kill": 13.84833876626318, "bomb": 7.396621416936596, "assault": 5.015412657717963, "jail": 4.838435252143365, "cancer": 4.238751951735175, "abuse": 3.5789841615479685, "divorce": 2.9556983352056383, "crash": 2.851738822827558, "poison": 2.3936853698829617, "disaster": 1.9018802076620347, "poverty": 1.8111607053521976, "hatred": 1.347480986701294, "rotten": 1.0029985594068174, "ugly": 0.792899526620817, "sickness": 0.583715176051174, "stink": 0}, "pleasant": {"family": 81.85808558593504, "love": 54.729939297962815, "friend": 40.117439928737525, "honor": 32.20922192560176, "peace": 17.523300260632073, "health": 14.051221008324958, "heaven": 8.787836667501344, "freedom": 6.831104366643172, "pleasure": 5.14758176692828, "loyal": 4.887575238148813, "gift": 3.398347895779553, "happy": 2.92278891659255, "gentle": 2.3159528407090866, "honest": 1.6746880744784336, "miracle": 1.6350319433258087, "paradise": 1.5169089843650887, "cheer": 0.5652804167302989, "laughter": 0.44338539403576416}, "appearances": {"abuse": 12, "crash": 11, "murder": 63, "sickness": 2, "death": 339, "poison": 7, "stink": 0, "assault": 16, "disaster": 7, "hatred": 5, "bomb": 19, "divorce": 11, "jail": 14, "poverty": 8, "ugly": 2, "cancer": 14, "evil": 54, "kill": 40, "rotten": 3, "freedom": 19, "health": 47, "love": 157, "peace": 52, "cheer": 2, "friend": 111, "heaven": 26, "loyal": 16, "pleasure": 16, "gentle": 6, "honest": 5, "gift": 12, "honor": 84, "miracle": 4, "family": 263, "happy": 9, "laughter": 2, "paradise": 5}}, "occupation": {"low-pay": {"artist": 0.608885753985854, "investigator": 0.5770059702223284, "baker": 0.48150344785521354, "inspector": 0.47292088080502176, "coach": 0.39986453680850653, "teacher": 0.3838186824846243, "driver": 0.3413838592860649, "officer": 0.3094158336936201, "instructor": 0.2880911316641723, "technician": 0, "accountant": 0, "supervisor": 0, "clerk": 0, "counselor": 0, "mechanic": 0, "receptionist": 0, "janitor": 0, "carpenter": 0, "bartender": 0, "electrician": 0, "plumber": 0, "paramedic": 0, "appraiser": 0, "nutritionist": 0, "hairdresser": 0, "paralegal": 0, "assistant": 0, "cleaner": 0, "athlete": 0, "cashier": 0}, "high-pay": {"professor": 1.7878307849083102, "president": 1.427565584408078, "director": 0.995599800419527, "owner": 0.8549812230348921, "chairman": 0.7811946411440412, "designer": 0.7648832234099132, "physician": 0.6533863437304005, "principal": 0.5262718076603379, "manager": 0.4979403034152313, "educator": 0.45009060322987665, "scientist": 0.42391948782135963, "engineer": 0, "therapist": 0, "administrator": 0, "salesperson": 0, "librarian": 0, "advisor": 0, "pharmacist": 0, "psychologist": 0, "nurse": 0, "pathologist": 0, "lawyer": 0, "planner": 0, "practicioner": 0, "surgeon": 0, "veterinarian": 0, "examiner": 0, "chemist": 0, "machinist": 0, "architect": 0, "programmer": 0, "hygienist": 0, "CEO": 0, "CFO": 0, "CTO": 0, "broker": 0, "entrepreneur": 0}, "appearances": {"technician": 0, "accountant": 0, "supervisor": 0, "clerk": 0, "counselor": 0, "inspector": 1, "mechanic": 0, "receptionist": 0, "janitor": 0, "carpenter": 0, "investigator": 1, "bartender": 0, "electrician": 0, "officer": 1, "teacher": 1, "plumber": 0, "instructor": 1, "paramedic": 0, "appraiser": 0, "nutritionist": 0, "hairdresser": 0, "baker": 1, "paralegal": 0, "assistant": 0, "driver": 1, "cleaner": 0, "artist": 1, "coach": 1, "athlete": 0, "cashier": 0, "engineer": 0, "educator": 1, "manager": 1, "therapist": 0, "administrator": 0, "salesperson": 0, "librarian": 0, "advisor": 0, "pharmacist": 0, "psychologist": 0, "physician": 1, "nurse": 0, "pathologist": 0, "lawyer": 0, "planner": 0, "practicioner": 0, "surgeon": 0, "veterinarian": 0, "examiner": 0, "chemist": 0, "machinist": 0, "architect": 0, "programmer": 0, "hygienist": 0, "scientist": 1, "CEO": 0, "CFO": 0, "CTO": 0, "president": 3, "owner": 2, "chairman": 2, "designer": 2, "broker": 0, "entrepreneur": 0, "director": 2, "professor": 5, "principal": 1}}, "competency": {"competent": {"strong": 28.438417807785235, "active": 27.809150576794, "effective": 10.68088450081449, "bold": 5.74791973668209, "tough": 3.442558496985398, "decisive": 2.8288921457514173, "ambitious": 2.2914951908148247, "productive": 1.9958006900455012, "competent": 1.3518018642965044, "assertive": 0}, "incompetent": {"weak": 6.630006101701745, "gentle": 3.3720825252599367, "passive": 1.476066041770679, "ineffective": 1.2646903662132336, "incompetent": 0, "unproductive": 0, "unambitious": 0, "indecisive": 0, "timid": 0, "unassertive": 0}, "appearances": {"competent": 4, "productive": 6, "effective": 31, "ambitious": 7, "active": 79, "decisive": 10, "strong": 84, "tough": 8, "bold": 18, "assertive": 0, "incompetent": 0, "unproductive": 0, "ineffective": 4, "unambitious": 0, "passive": 5, "indecisive": 0, "weak": 20, "gentle": 10, "timid": 0, "unassertive": 0}}, "sci-spo": {"sports": {"football": 100.972370704252, "track": 23.630828438846684, "basketball": 16.919742308108273, "baseball": 16.1335510317475, "sports": 14.149431981252723, "soccer": 5.591928347880947, "boxing": 2.806977098038708, "jump": 2.019932946418166, "softball": 0.729782595271373, "volleyball": 0.3175402348115098, "NCAA": 0, "marathon": 0}, "science": {"science": 31.69823212995782, "technology": 10.149765608445149, "physics": 7.945935259291248, "mathematics": 7.826677010829567, "biology": 7.278226016013907, "computer": 5.881326882917644, "experiment": 5.4729359591745075, "chemistry": 3.3928594631596, "genetics": 2.182072614786298, "astronomy": 1.605501186468799, "Einstein": 0, "meteorology": 0}, "appearances": {"NCAA": 0, "sports": 41, "basketball": 60, "baseball": 56, "football": 284, "soccer": 18, "volleyball": 1, "track": 69, "softball": 2, "marathon": 0, "boxing": 8, "jump": 7, "science": 78, "technology": 33, "physics": 19, "chemistry": 11, "Einstein": 0, "experiment": 13, "astronomy": 4, "computer": 17, "biology": 22, "meteorology": 0, "genetics": 7, "mathematics": 15}}}