{"pu": {"pleasant": {"family": 67.15279114406091, "love": 37.06493192966132, "friend": 32.25396535800402, "honor": 14.210953530566599, "peace": 10.939611344449924, "health": 9.955860127616432, "diamond": 4.94291605954038, "heaven": 4.177211639140156, "pleasure": 3.8971822683544133, "freedom": 3.847208424428402, "happy": 3.495798915575623, "gift": 3.3003849122982274, "loyal": 3.073953734086672, "lucky": 2.3772556980026707, "vacation": 1.9035832037625369, "honest": 1.225260688051094, "rainbow": 0.9066059422793842, "gentle": 0.8018381533398697, "paradise": 0.7487066431377656, "diploma": 0.5950771924108267, "miracle": 0.4617877661725345, "cheer": 0.3625686689920258, "sunrise": 0.26441261917352676, "laughter": 0.1772504356376885, "caress": 0}, "unpleasant": {"death": 87.21119507377959, "murder": 21.0662580614985, "evil": 15.255278341031504, "kill": 14.698725364896404, "accident": 4.986429312480652, "jail": 4.546153547750691, "cancer": 4.389464420401225, "disaster": 3.6421932634641276, "abuse": 3.35053594249257, "assault": 3.2862145197207155, "crash": 2.723980771329906, "bomb": 2.4935410295007614, "divorce": 1.880626752624181, "tragedy": 1.747857567122196, "grief": 1.6680669460561148, "poison": 1.503404969679906, "hatred": 0.9203644795983337, "poverty": 0.8972574736999377, "ugly": 0.6367088239876466, "vomit": 0.406473629118409, "rotten": 0.3540741161987171, "stink": 0.17948230961337686, "sickness": 0.15846877338481136, "filth": 0, "pollute": 0}, "appearances": {"caress": 0, "freedom": 504, "health": 1092, "love": 3300, "peace": 1068, "cheer": 24, "friend": 2328, "heaven": 444, "loyal": 324, "pleasure": 300, "diamond": 396, "gentle": 108, "honest": 156, "lucky": 228, "rainbow": 72, "diploma": 24, "gift": 384, "honor": 1524, "miracle": 72, "sunrise": 12, "family": 6192, "happy": 264, "laughter": 24, "paradise": 108, "vacation": 84, "abuse": 300, "crash": 252, "filth": 0, "murder": 1380, "sickness": 24, "accident": 312, "death": 6660, "grief": 84, "poison": 216, "stink": 12, "assault": 336, "disaster": 180, "hatred": 120, "pollute": 0, "tragedy": 204, "bomb": 336, "divorce": 192, "jail": 228, "poverty": 168, "ugly": 60, "cancer": 324, "evil": 1008, "kill": 1260, "rotten": 72, "vomit": 36}}, "occupation": {"low-pay": {"coach": 32.47814620858185, "artist": 25.283773275411694, "officer": 16.90470692191016, "assistant": 14.56841700510222, "teacher": 14.493773918595942, "baker": 9.325216689261794, "athlete": 4.215392876978626, "clerk": 3.693398080283714, "driver": 2.882354384053997, "carpenter": 1.9846779038289242, "inspector": 1.6149100649006485, "instructor": 1.5123851108514828, "supervisor": 1.4476122625110293, "investigator": 1.2645000342072308, "bartender": 0.6557534269923053, "technician": 0.649027366147493, "cleaner": 0.6174484988478071, "accountant": 0.6123073126054805, "mechanic": 0.47057404077713727, "receptionist": 0.2039660058735535, "counselor": 0.07643311303418132, "janitor": 0, "electrician": 0, "plumber": 0, "paramedic": 0, "appraiser": 0, "nutritionist": 0, "hairdresser": 0, "paralegal": 0, "cashier": 0}, "high-pay": {"director": 41.66293542854805, "professor": 36.11545941763903, "president": 33.146830166577715, "manager": 25.04036782385053, "architect": 12.948950937087375, "lawyer": 9.663860544781528, "engineer": 9.073571048484656, "chairman": 8.957880152909908, "owner": 8.491647596764267, "principal": 7.743036173587541, "designer": 6.894240528706177, "educator": 6.589047434607892, "physician": 6.490513087877844, "entrepreneur": 4.582890969596747, "administrator": 4.443628062685136, "scientist": 4.417788988320126, "nurse": 4.260871850663307, "advisor": 3.932442610586804, "surgeon": 3.3529670126663405, "chemist": 2.189118700441213, "psychologist": 1.8776115693976863, "therapist": 1.7860440398153514, "broker": 1.4994750026885413, "librarian": 1.277826181169985, "planner": 0.5997518829390174, "programmer": 0.5791045233545447, "examiner": 0.47507349894044637, "salesperson": 0, "pharmacist": 0, "pathologist": 0, "practicioner": 0, "veterinarian": 0, "machinist": 0, "hygienist": 0, "CEO": 0, "CFO": 0, "CTO": 0}, "appearances": {"technician": 72, "accountant": 60, "supervisor": 132, "clerk": 300, "counselor": 36, "inspector": 144, "mechanic": 48, "receptionist": 24, "janitor": 0, "carpenter": 180, "investigator": 108, "bartender": 48, "electrician": 0, "officer": 1536, "teacher": 1272, "plumber": 0, "instructor": 84, "paramedic": 0, "appraiser": 0, "nutritionist": 0, "hairdresser": 0, "baker": 660, "paralegal": 0, "assistant": 1248, "driver": 240, "cleaner": 48, "artist": 2160, "coach": 2688, "athlete": 312, "cashier": 0, "engineer": 816, "educator": 252, "manager": 2016, "therapist": 108, "administrator": 312, "salesperson": 0, "librarian": 108, "advisor": 288, "pharmacist": 0, "psychologist": 168, "physician": 480, "nurse": 348, "pathologist": 0, "lawyer": 792, "planner": 36, "practicioner": 0, "surgeon": 216, "veterinarian": 0, "examiner": 60, "chemist": 168, "machinist": 0, "architect": 996, "programmer": 36, "hygienist": 0, "scientist": 384, "CEO": 0, "CFO": 0, "CTO": 0, "president": 3684, "owner": 888, "chairman": 864, "designer": 528, "broker": 168, "entrepreneur": 264, "director": 3720, "professor": 2592, "principal": 696}}}