{"abw": {"angry": {"sassy": 170.2851629899157, "brash": 163.37664409471805, "harsh": 162.24481482189512, "aggressive": 162.15250441779142, "shrill": 156.75687763799147, "hostile": 156.42273935536602, "abusive": 151.77758990050316, "mean": 150.93541660369692, "irrational": 144.51425228843303, "argumentative": 139.84607044402622, "controlling": 139.69851053143623, "angry": 138.71463911663142, "loud": 136.4210692928487, "nagging": 135.80051560369532, "opinionated": 134.62826659697342, "obnoxious": 131.30571750951307, "emasculating": 130.2792068328041, "domineering": 127.05348741606169}, "antonyms": {"friendly": 158.86823695121072, "submissive": 156.50767169447965, "soft": 156.37036532175358, "pleasant": 155.0278620049005, "compromising": 153.98842974103704, "mild": 153.50407461921623, "rational": 147.06334714247265, "supportive": 145.51148120642196, "servile": 145.39330402068978, "passive": 141.4210680076886, "demure": 140.96793744932003, "indifferent": 138.68777476590216, "kind": 134.3854174486309, "calm": 131.7631357348214, "cautious": 129.53204295809806, "nice": 129.17156962038575, "agreeable": 128.70696204853382, "quiet": 127.14869464675847}, "appearances": {"shrill": 360, "loud": 360, "argumentative": 360, "irrational": 360, "angry": 360, "abusive": 360, "obnoxious": 360, "controlling": 360, "nagging": 360, "brash": 360, "hostile": 360, "emasculating": 360, "mean": 360, "harsh": 360, "sassy": 360, "aggressive": 360, "opinionated": 360, "domineering": 360, "soft": 360, "quiet": 360, "compromising": 360, "rational": 360, "calm": 360, "kind": 360, "agreeable": 360, "servile": 360, "pleasant": 360, "cautious": 360, "friendly": 360, "supportive": 360, "nice": 360, "mild": 360, "demure": 360, "passive": 360, "indifferent": 360, "submissive": 360}}}