{"competency": {"competent": {"strong": 24.879488757623395, "active": 24.43735384630793, "effective": 9.660958128824806, "bold": 5.493009336331955, "tough": 2.9031180350580166, "decisive": 2.6249015854060955, "ambitious": 2.159278120558619, "productive": 1.8116285641861563, "competent": 1.3222594126472886, "assertive": 0}, "incompetent": {"weak": 5.626580105062341, "gentle": 3.2270133035122734, "ineffective": 1.3675417560617436, "passive": 1.265445704883906, "incompetent": 0, "unproductive": 0, "unambitious": 0, "indecisive": 0, "timid": 0, "unassertive": 0}, "appearances": {"competent": 4, "productive": 6, "effective": 31, "ambitious": 7, "active": 79, "decisive": 10, "strong": 84, "tough": 8, "bold": 18, "assertive": 0, "incompetent": 0, "unproductive": 0, "ineffective": 4, "unambitious": 0, "passive": 5, "indecisive": 0, "weak": 20, "gentle": 10, "timid": 0, "unassertive": 0}}}