{"occupation": {"low-pay": {"coach": 8.405332856114219, "artist": 7.414710729398509, "baker": 4.015153055768008, "officer": 3.6847826076693, "driver": 1.9642869629460233, "inspector": 1.9446379526578936, "assistant": 1.7496112288635466, "teacher": 1.5504212624032292, "counselor": 0.8228751639521231, "carpenter": 0.6945510509099376, "technician": 0.5824626026662787, "instructor": 0.5632956078873044, "clerk": 0.5043958403377734, "athlete": 0.330085591641101, "accountant": 0, "supervisor": 0, "mechanic": 0, "receptionist": 0, "janitor": 0, "investigator": 0, "bartender": 0, "electrician": 0, "plumber": 0, "paramedic": 0, "appraiser": 0, "nutritionist": 0, "hairdresser": 0, "paralegal": 0, "cleaner": 0, "cashier": 0}, "high-pay": {"president": 36.45861439784026, "director": 17.11704100924007, "professor": 12.541071807400474, "chairman": 5.361242011127951, "manager": 4.885036895775789, "chemist": 3.928278056026998, "scientist": 3.8675644842359094, "owner": 3.2509047452048927, "designer": 2.853812019419252, "engineer": 2.734870565161975, "principal": 2.396268041719728, "advisor": 2.0914886378389803, "lawyer": 1.5063097207490748, "physician": 1.2826477057636758, "psychologist": 0.8174653566761276, "architect": 0.8000701404616573, "surgeon": 0.7058925594207973, "administrator": 0.6100276905124964, "nurse": 0.5812511787296363, "educator": 0.41429157450868204, "broker": 0.33052862542734207, "therapist": 0, "salesperson": 0, "librarian": 0, "pharmacist": 0, "pathologist": 0, "planner": 0, "practicioner": 0, "veterinarian": 0, "examiner": 0, "machinist": 0, "programmer": 0, "hygienist": 0, "CEO": 0, "CFO": 0, "CTO": 0, "entrepreneur": 0}, "appearances": {"technician": 1, "accountant": 0, "supervisor": 0, "clerk": 2, "counselor": 2, "inspector": 4, "mechanic": 0, "receptionist": 0, "janitor": 0, "carpenter": 1, "investigator": 0, "bartender": 0, "electrician": 0, "officer": 9, "teacher": 5, "plumber": 0, "instructor": 1, "paramedic": 0, "appraiser": 0, "nutritionist": 0, "hairdresser": 0, "baker": 9, "paralegal": 0, "assistant": 4, "driver": 6, "cleaner": 0, "artist": 18, "coach": 17, "athlete": 1, "cashier": 0, "engineer": 8, "educator": 1, "manager": 11, "therapist": 0, "administrator": 2, "salesperson": 0, "librarian": 0, "advisor": 5, "pharmacist": 0, "psychologist": 2, "physician": 3, "nurse": 2, "pathologist": 0, "lawyer": 3, "planner": 0, "practicioner": 0, "surgeon": 2, "veterinarian": 0, "examiner": 0, "chemist": 10, "machinist": 0, "architect": 4, "programmer": 0, "hygienist": 0, "scientist": 10, "CEO": 0, "CFO": 0, "CTO": 0, "president": 77, "owner": 8, "chairman": 14, "designer": 6, "broker": 1, "entrepreneur": 0, "director": 42, "professor": 29, "principal": 6}}}