{"competency": {"competent": {"strong": 460.97644319634065, "active": 264.53834281592435, "effective": 92.75328533379175, "tough": 78.7716527396499, "bold": 76.88306048871476, "ambitious": 56.23433166971515, "decisive": 24.228624812651322, "competent": 19.872391590973464, "productive": 17.359403244097678, "assertive": 0}, "incompetent": {"weak": 64.39956295922573, "gentle": 40.15064425053043, "passive": 12.900221720849629, "ineffective": 10.448953491763431, "incompetent": 0, "unproductive": 0, "unambitious": 0, "indecisive": 0, "timid": 0, "unassertive": 0}, "appearances": {"competent": 61, "productive": 56, "effective": 314, "ambitious": 177, "active": 809, "decisive": 84, "strong": 1405, "tough": 240, "bold": 257, "assertive": 0, "incompetent": 0, "unproductive": 0, "ineffective": 32, "unambitious": 0, "passive": 44, "indecisive": 0, "weak": 226, "gentle": 124, "timid": 0, "unassertive": 0}}}