{"sci-spo": {"sports": {"football": 297.38692574297454, "track": 211.04699637867742, "sports": 166.0755874253693, "baseball": 141.33073586156758, "basketball": 60.28255382289764, "boxing": 38.0455520065186, "soccer": 35.73389925902474, "jump": 28.22945586404915, "marathon": 12.144565119187202, "volleyball": 4.545608033433059, "softball": 3.3518254483719154, "NCAA": 0}, "science": {"science": 230.71438607481272, "computer": 107.26043803895709, "technology": 81.40838243059599, "physics": 45.972156460170936, "experiment": 38.02610575612738, "chemistry": 28.474126605865422, "mathematics": 23.840941589191363, "biology": 16.906092455792866, "astronomy": 9.13677600054507, "genetics": 3.3736849447126804, "Einstein": 0, "meteorology": 0}, "appearances": {"NCAA": 0, "sports": 483, "basketball": 226, "baseball": 443, "football": 937, "soccer": 134, "volleyball": 22, "track": 680, "softball": 14, "marathon": 52, "boxing": 112, "jump": 84, "science": 776, "technology": 269, "physics": 147, "chemistry": 88, "Einstein": 0, "experiment": 111, "astronomy": 30, "computer": 348, "biology": 55, "meteorology": 0, "genetics": 13, "mathematics": 88}}}