{"sci-spo": {"sports": {"football": 33.07739180959343, "track": 13.283976594609332, "basketball": 8.174997307754714, "baseball": 7.941995508893412, "sports": 6.827433283854704, "soccer": 3.8702908257473543, "jump": 1.4396816917108617, "boxing": 0.5346387065354061, "volleyball": 0.2742036575806739, "NCAA": 0, "softball": 0, "marathon": 0}, "science": {"science": 17.87733495640599, "technology": 5.1640728918678445, "mathematics": 4.976191142699886, "biology": 4.604015124872204, "physics": 4.202351063901872, "computer": 3.9462429592845276, "experiment": 3.1622708201758614, "chemistry": 2.121037949666391, "genetics": 1.7957672320586904, "astronomy": 0.15466353036939978, "Einstein": 0, "meteorology": 0}, "appearances": {"NCAA": 0, "sports": 21, "basketball": 31, "baseball": 30, "football": 113, "soccer": 14, "volleyball": 1, "track": 46, "softball": 0, "marathon": 0, "boxing": 2, "jump": 5, "science": 50, "technology": 19, "physics": 10, "chemistry": 8, "Einstein": 0, "experiment": 9, "astronomy": 1, "computer": 14, "biology": 16, "meteorology": 0, "genetics": 6, "mathematics": 10}}}