{"sci-art": {"art": {"drama": 195.65776928168265, "novel": 164.27308197006568, "symphony": 155.0074523559744, "literature": 131.27299346315974, "dance": 108.09151277123316, "art": 100.33560931282898, "poetry": 63.29569165768114, "Shakespeare": 0}, "science": {"technology": 226.15395758739902, "experiment": 195.20041159602923, "physics": 119.8067110333653, "astronomy": 117.37504321131603, "chemistry": 117.3680283616321, "science": 116.68778480572065, "Einstein": 0, "NASA": 0}, "appearances": {"poetry": 128, "art": 192, "Shakespeare": 0, "dance": 256, "literature": 256, "novel": 384, "symphony": 384, "drama": 448, "science": 256, "technology": 512, "physics": 256, "chemistry": 256, "Einstein": 0, "NASA": 0, "experiment": 512, "astronomy": 256}}}