{"career-family": {"family": {"home": 225.0859621699755, "marriage": 217.44620973894052, "family": 212.4916734280233, "wedding": 192.50329234434736, "relatives": 164.03752730499554, "cousins": 155.40862684313552, "children": 151.3694817069697, "parents": 145.59188789074432}, "career": {"management": 388.6916371058603, "salary": 237.12913099773223, "career": 223.8166426344257, "business": 208.597042008811, "office": 206.73649365975646, "executive": 190.8668196460466, "corporation": 179.93903626908875, "professional": 84.60011691780474}, "appearances": {"home": 400, "parents": 300, "children": 300, "family": 400, "cousins": 300, "marriage": 400, "wedding": 400, "relatives": 300, "executive": 400, "management": 700, "professional": 150, "corporation": 400, "salary": 400, "office": 400, "business": 400, "career": 400}}}