{
  "occupation": {
    "she": {
      "teacher": 735.9444455956109,
      "nurse": 695.13849034952,
      "assistant": 641.2355560809374,
      "bartender": 439.4680575905368,
      "receptionist": 155.6029191990383,
      "librarian": 150.2668083892204,
      "cleaner": 131.87687498470768,
      "accountant": 103.1882650195621,
      "counselor": 99.78994623292238,
      "therapist": 88.36669246293604,
      "caretaker": 67.96020702272654,
      "educator": 3.0876671569421887,
      "pharmacist": 0,
      "veterinarian": 0,
      "nutritionist": 0,
      "hairdresser": 0,
      "paralegal": 0,
      "hygienist": 0,
      "babysitter": 0,
      "homemaker": 0
    },
    "he": {
      "officer": 1339.180403985316,
      "lawyer": 764.1031246236525,
      "manager": 519.2803926016204,
      "clerk": 328.77562674623914,
      "scientist": 308.2874398990534,
      "worker": 245.2174508869648,
      "surgeon": 178.20192030072212,
      "investigator": 175.37080632569268,
      "inspector": 167.50537468586117,
      "engineer": 147.81448411988094,
      "physician": 129.84308282611892,
      "instructor": 125.45252879988402,
      "mechanic": 122.18363521900028,
      "baker": 117.42223259713501,
      "supervisor": 101.75558839086443,
      "technician": 95.9380374699831,
      "specialist": 90.61961546679959,
      "advisor": 85.79149596672505,
      "administrator": 78.72194355167449,
      "carpenter": 76.72051802324131,
      "architect": 71.30097643937916,
      "planner": 61.74644478969276,
      "psychologist": 58.67419827822596,
      "examiner": 36.339740201830864,
      "programmer": 23.117191122844815,
      "chemist": 17.49188710236922,
      "practitioner": 10.511036842130125,
      "salesperson": 0,
      "electrician": 0,
      "pathologist": 0,
      "plumber": 0,
      "paramedic": 0,
      "machinist": 0,
      "appraiser": 0
    },
    "appearances": {
      "accountant": 2148,
      "educator": 96,
      "counselor": 2460,
      "therapist": 2124,
      "receptionist": 3756,
      "librarian": 3468,
      "pharmacist": 0,
      "nurse": 16728,
      "bartender": 9684,
      "teacher": 17028,
      "veterinarian": 0,
      "nutritionist": 0,
      "hairdresser": 0,
      "paralegal": 0,
      "hygienist": 0,
      "caretaker": 1428,
      "babysitter": 0,
      "cleaner": 3288,
      "homemaker": 0,
      "assistant": 14808,
      "technician": 1944,
      "supervisor": 2352,
      "engineer": 3360,
      "worker": 5580,
      "clerk": 8052,
      "inspector": 4020,
      "mechanic": 2676,
      "manager": 12732,
      "administrator": 1836,
      "salesperson": 0,
      "advisor": 1908,
      "psychologist": 1404,
      "physician": 3336,
      "carpenter": 1884,
      "investigator": 3780,
      "specialist": 1944,
      "electrician": 0,
      "officer": 32232,
      "pathologist": 0,
      "lawyer": 17232,
      "planner": 1188,
      "practitioner": 300,
      "plumber": 0,
      "instructor": 2928,
      "surgeon": 4416,
      "paramedic": 0,
      "examiner": 924,
      "chemist": 480,
      "machinist": 0,
      "appraiser": 0,
      "architect": 1740,
      "baker": 2868,
      "programmer": 468,
      "scientist": 6516
    }
  }
}
