{"occupation": {"she": {"assistant": 3644.059801066527, "teacher": 1668.0758806460071, "librarian": 180.22656769258901, "nurse": 167.84172928193584, "accountant": 165.3806714208331, "counselor": 126.95092047005892, "caretaker": 120.42442117328756, "educator": 102.00965482834727, "bartender": 44.492209313903004, "therapist": 35.94917603558861, "cleaner": 32.88300239993259, "receptionist": 14.514652241021395, "pharmacist": 0, "veterinarian": 0, "nutritionist": 0, "hairdresser": 0, "paralegal": 0, "hygienist": 0, "babysitter": 0, "homemaker": 0}, "he": {"officer": 3347.4834591918625, "manager": 3160.4934875336476, "engineer": 1028.462935567135, "lawyer": 798.9888295726851, "clerk": 678.7286910396069, "architect": 673.2964725107886, "advisor": 605.5766399134882, "instructor": 537.559742780868, "inspector": 469.02619766257703, "physician": 447.48441713349894, "surgeon": 418.40665251016617, "scientist": 385.7084044176154, "baker": 338.0055567426607, "administrator": 333.89998704520985, "worker": 332.1921665533446, "specialist": 329.02344095963053, "supervisor": 217.7596563412808, "carpenter": 200.49850012501702, "investigator": 138.86371949035674, "mechanic": 125.92315291892737, "examiner": 112.21671850956045, "chemist": 108.31762674986385, "technician": 94.88009486254305, "practitioner": 84.3041657730937, "psychologist": 74.28498475113884, "programmer": 48.6972643812187, "planner": 34.76173139736056, "salesperson": 0, "electrician": 0, "pathologist": 0, "plumber": 0, "paramedic": 0, "machinist": 0, "appraiser": 0}, "appearances": {"accountant": 4056, "educator": 3084, "counselor": 3744, "therapist": 1236, "receptionist": 480, "librarian": 5256, "pharmacist": 0, "nurse": 5496, "bartender": 1380, "teacher": 46872, "veterinarian": 0, "nutritionist": 0, "hairdresser": 0, "paralegal": 0, "hygienist": 0, "caretaker": 3708, "babysitter": 0, "cleaner": 1224, "homemaker": 0, "assistant": 102648, "technician": 2688, "supervisor": 6000, "engineer": 29532, "worker": 10668, "clerk": 18456, "inspector": 13320, "mechanic": 3732, "manager": 93312, "administrator": 9684, "salesperson": 0, "advisor": 17400, "psychologist": 2484, "physician": 13188, "carpenter": 5868, "investigator": 4368, "specialist": 9168, "electrician": 0, "officer": 100368, "pathologist": 0, "lawyer": 22548, "planner": 1020, "practitioner": 2532, "plumber": 0, "instructor": 15084, "surgeon": 12036, "paramedic": 0, "examiner": 3660, "chemist": 3408, "machinist": 0, "appraiser": 0, "architect": 19476, "baker": 10860, "programmer": 1452, "scientist": 12096}}}