{"career-family": {"family": {"home": 232.8879154186634, "marriage": 219.2701738334632, "family": 214.89045441455107, "wedding": 192.2895920839948, "relatives": 161.34150700610644, "cousins": 159.46135216934474, "children": 153.69089003566444, "parents": 145.17096213318064}, "career": {"management": 383.4315513107841, "salary": 239.31831191935473, "career": 225.1982920252317, "business": 212.86069959628796, "office": 201.9412093674084, "corporation": 189.3766263445268, "executive": 184.65212035196504, "professional": 83.32656286947669}, "appearances": {"home": 400, "parents": 300, "children": 300, "family": 400, "cousins": 300, "marriage": 400, "wedding": 400, "relatives": 300, "executive": 400, "management": 700, "professional": 150, "corporation": 400, "salary": 400, "office": 400, "business": 400, "career": 400}}}