{"sci-art": {"art": {"drama": 186.5281356616879, "novel": 155.41779406318088, "symphony": 143.4999748409796, "literature": 129.42052846403837, "art": 104.05025837468271, "dance": 100.40079090048741, "poetry": 59.66471996708179, "Shakespeare": 0}, "science": {"technology": 216.07779495921685, "experiment": 184.12196630103446, "chemistry": 113.95226265660745, "science": 112.81932362984743, "physics": 112.10426747270431, "astronomy": 102.35065926370747, "Einstein": 0, "NASA": 0}, "appearances": {"poetry": 128, "art": 192, "Shakespeare": 0, "dance": 256, "literature": 256, "novel": 384, "symphony": 384, "drama": 448, "science": 256, "technology": 512, "physics": 256, "chemistry": 256, "Einstein": 0, "NASA": 0, "experiment": 512, "astronomy": 256}}}