{
  "occupation": {
    "she": {
      "nurse": 975.5983647732064,
      "teacher": 574.5387220899574,
      "assistant": 444.1186768617481,
      "bartender": 245.84827353060246,
      "receptionist": 176.67048382479697,
      "therapist": 137.76222636923194,
      "librarian": 130.95140613149852,
      "counselor": 114.34004992665723,
      "cleaner": 110.39049356197938,
      "accountant": 54.107890823390335,
      "caretaker": 51.31752548692748,
      "educator": 3.468891069293022,
      "pharmacist": 0,
      "veterinarian": 0,
      "nutritionist": 0,
      "hairdresser": 0,
      "paralegal": 0,
      "hygienist": 0,
      "babysitter": 0,
      "homemaker": 0
    },
    "he": {
      "officer": 424.78417625138536,
      "lawyer": 363.965145223774,
      "manager": 262.2251006141305,
      "clerk": 187.09332436416298,
      "worker": 145.67908083926886,
      "scientist": 114.34290377958678,
      "investigator": 96.98975142929703,
      "inspector": 74.84282304532826,
      "surgeon": 73.69496518280357,
      "instructor": 69.19654930755496,
      "physician": 66.50140493642539,
      "baker": 62.53233315143734,
      "psychologist": 51.358113288879395,
      "engineer": 50.783438075333834,
      "administrator": 50.315420932136476,
      "planner": 43.35559205338359,
      "supervisor": 39.651128456927836,
      "technician": 33.467337261885405,
      "specialist": 32.35836202977225,
      "advisor": 30.98906120378524,
      "mechanic": 29.038126284256577,
      "architect": 24.238151067867875,
      "carpenter": 20.283622665330768,
      "examiner": 18.01777535304427,
      "practitioner": 10.107740797102451,
      "programmer": 5.732420668005943,
      "chemist": 4.692751843482256,
      "salesperson": 0,
      "electrician": 0,
      "pathologist": 0,
      "plumber": 0,
      "paramedic": 0,
      "machinist": 0,
      "appraiser": 0
    },
    "appearances": {
      "accountant": 1224,
      "educator": 60,
      "counselor": 2712,
      "therapist": 3252,
      "receptionist": 4260,
      "librarian": 3000,
      "pharmacist": 0,
      "nurse": 22848,
      "bartender": 5280,
      "teacher": 13548,
      "veterinarian": 0,
      "nutritionist": 0,
      "hairdresser": 0,
      "paralegal": 0,
      "hygienist": 0,
      "caretaker": 1164,
      "babysitter": 0,
      "cleaner": 2844,
      "homemaker": 0,
      "assistant": 10284,
      "technician": 852,
      "supervisor": 1044,
      "engineer": 1236,
      "worker": 3468,
      "clerk": 4572,
      "inspector": 1596,
      "mechanic": 708,
      "manager": 6576,
      "administrator": 1428,
      "salesperson": 0,
      "advisor": 708,
      "psychologist": 1188,
      "physician": 1728,
      "carpenter": 516,
      "investigator": 2244,
      "specialist": 828,
      "electrician": 0,
      "officer": 10500,
      "pathologist": 0,
      "lawyer": 8232,
      "planner": 912,
      "practitioner": 240,
      "plumber": 0,
      "instructor": 1680,
      "surgeon": 1956,
      "paramedic": 0,
      "examiner": 432,
      "chemist": 132,
      "machinist": 0,
      "appraiser": 0,
      "architect": 576,
      "baker": 1536,
      "programmer": 156,
      "scientist": 2400
    }
  }
}
