{"occupation": {"she": {"teacher": 799.4414184470661, "assistant": 721.8678474407643, "nurse": 311.7392851524055, "librarian": 97.4903523363173, "counselor": 53.047986190766096, "educator": 52.26373942848295, "therapist": 45.891605424229056, "accountant": 35.99664987903088, "caretaker": 23.727876597549766, "receptionist": 17.18826133478433, "cleaner": 12.534710650332272, "bartender": 12.481055461335927, "pharmacist": 0, "veterinarian": 0, "nutritionist": 0, "hairdresser": 0, "paralegal": 0, "hygienist": 0, "babysitter": 0, "homemaker": 0}, "he": {"officer": 527.295281040715, "manager": 382.7665930702351, "lawyer": 211.90312486584298, "worker": 157.32191240182146, "instructor": 142.1655453387648, "advisor": 138.66993336332962, "engineer": 127.74370742402971, "scientist": 119.89290182222612, "architect": 114.52675397740677, "physician": 94.44138770503923, "clerk": 93.73964917473495, "specialist": 87.8810312950518, "baker": 85.52698622317985, "investigator": 62.56374546675943, "surgeon": 62.27914269268513, "inspector": 61.187281987397, "administrator": 60.87557393894531, "psychologist": 53.11743926629424, "supervisor": 48.13198549626395, "carpenter": 32.58930233027786, "chemist": 28.50021317601204, "practitioner": 26.3888233685866, "examiner": 24.617014438845217, "technician": 22.281325168907642, "programmer": 13.815145082771778, "mechanic": 13.699738464318216, "planner": 9.36198915168643, "salesperson": 0, "electrician": 0, "pathologist": 0, "plumber": 0, "paramedic": 0, "machinist": 0, "appraiser": 0}, "appearances": {"accountant": 924, "educator": 1416, "counselor": 1548, "therapist": 1332, "receptionist": 576, "librarian": 2736, "pharmacist": 0, "nurse": 8916, "bartender": 408, "teacher": 21996, "veterinarian": 0, "nutritionist": 0, "hairdresser": 0, "paralegal": 0, "hygienist": 0, "caretaker": 744, "babysitter": 0, "cleaner": 408, "homemaker": 0, "assistant": 20748, "technician": 612, "supervisor": 1584, "engineer": 3612, "worker": 4908, "clerk": 2544, "inspector": 1836, "mechanic": 480, "manager": 11472, "administrator": 1860, "salesperson": 0, "advisor": 4200, "psychologist": 1548, "physician": 2772, "carpenter": 1152, "investigator": 1884, "specialist": 2436, "electrician": 0, "officer": 16380, "pathologist": 0, "lawyer": 6312, "planner": 288, "practitioner": 708, "plumber": 0, "instructor": 3936, "surgeon": 1824, "paramedic": 0, "examiner": 756, "chemist": 876, "machinist": 0, "appraiser": 0, "architect": 3228, "baker": 2904, "programmer": 432, "scientist": 3636}}}