{"pu": {"pleasant": {"family": 2237.4733156200964, "love": 1456.4630135078914, "friend": 1131.2371437659021, "health": 384.9600393604487, "honor": 368.4468502094969, "peace": 212.93350902805105, "diamond": 196.63242827751674, "happy": 191.0699641504325, "freedom": 148.7949716555886, "gift": 115.14841845515184, "heaven": 82.22201917809434, "lucky": 71.91710652946495, "paradise": 55.78100723354146, "loyal": 55.13283507921733, "rainbow": 54.81583985732868, "vacation": 53.76180924172513, "miracle": 51.26614421023987, "honest": 47.29376690695062, "cheer": 41.82362725539133, "pleasure": 38.33701788936742, "gentle": 34.70314507628791, "diploma": 25.202025658916682, "laughter": 14.539103384595364, "sunrise": 14.527247562538832, "caress": 6.526258953846991}, "unpleasant": {"death": 1915.5352937940042, "murder": 477.0492416238412, "kill": 417.3591057215817, "cancer": 222.9582187978085, "accident": 197.8351617604494, "divorce": 146.1867615079973, "crash": 145.66709253750741, "evil": 133.4709066275973, "bomb": 110.90428940975107, "abuse": 95.56457261252217, "jail": 87.52201736113057, "assault": 83.33811808400787, "disaster": 62.6088591653388, "tragedy": 48.264279247494414, "rotten": 41.98806003993377, "poverty": 38.107892935862765, "poison": 37.06960002752021, "grief": 32.1441077273339, "ugly": 24.347521165851504, "hatred": 22.80804290343076, "sickness": 11.58106640027836, "vomit": 9.625803847797215, "stink": 6.884264975320548, "filth": 0, "pollute": 0}, "appearances": {"caress": 228, "freedom": 6804, "health": 15828, "love": 62952, "peace": 9732, "cheer": 1824, "friend": 40236, "heaven": 4248, "loyal": 2328, "pleasure": 2124, "diamond": 7704, "gentle": 1848, "honest": 2376, "lucky": 3156, "rainbow": 2616, "diploma": 1020, "gift": 4728, "honor": 13008, "miracle": 1968, "sunrise": 732, "family": 83412, "happy": 8124, "laughter": 768, "paradise": 2640, "vacation": 2088, "abuse": 4236, "crash": 5628, "filth": 0, "murder": 18444, "sickness": 468, "accident": 7008, "death": 72612, "grief": 1320, "poison": 1368, "stink": 492, "assault": 3540, "disaster": 2784, "hatred": 1092, "pollute": 0, "tragedy": 2304, "bomb": 4776, "divorce": 4596, "jail": 2928, "poverty": 1956, "ugly": 1344, "cancer": 7632, "evil": 6204, "kill": 15240, "rotten": 2208, "vomit": 396}}, "occupation": {"low-pay": {"coach": 2060.0279568347614, "artist": 1190.1064426498488, "assistant": 751.6687724664807, "officer": 710.4121268230956, "teacher": 384.4132142935414, "driver": 343.3322935234755, "baker": 327.7288747287821, "carpenter": 160.38745395513251, "athlete": 120.8469407428056, "clerk": 115.58409300679341, "inspector": 109.00658072787337, "instructor": 65.06686636246741, "supervisor": 62.97536532650702, "investigator": 60.12270674249157, "mechanic": 35.48863050201908, "accountant": 32.15196256060153, "counselor": 29.038219947600737, "technician": 27.487197970738634, "receptionist": 18.607043254654855, "bartender": 12.771849356824532, "cleaner": 10.88800431555137, "janitor": 0, "electrician": 0, "plumber": 0, "paramedic": 0, "appraiser": 0, "nutritionist": 0, "hairdresser": 0, "paralegal": 0, "cashier": 0}, "high-pay": {"president": 2608.0815340757836, "director": 2373.868257283466, "manager": 1501.0370060750283, "professor": 1072.5005504479632, "architect": 648.7853451562114, "chairman": 639.6000280533917, "owner": 550.3338110977784, "engineer": 414.81384994555265, "principal": 387.02546685980633, "designer": 366.2323592668399, "lawyer": 365.39407120877877, "scientist": 202.7967976788059, "entrepreneur": 173.311092186952, "physician": 140.47459582285956, "advisor": 131.3475931736175, "administrator": 131.25729424413294, "nurse": 127.9072631506715, "surgeon": 94.750368418172, "educator": 87.09680205117911, "chemist": 72.7027056782972, "psychologist": 66.91863248776644, "programmer": 45.00098965247162, "broker": 41.42703888122924, "librarian": 33.2120912943501, "therapist": 27.27159087220207, "examiner": 23.323640602175146, "planner": 17.01166670070961, "salesperson": 0, "pharmacist": 0, "pathologist": 0, "practicioner": 0, "veterinarian": 0, "machinist": 0, "hygienist": 0, "CEO": 0, "CFO": 0, "CTO": 0}, "appearances": {"technician": 972, "accountant": 1056, "supervisor": 2244, "clerk": 3900, "counselor": 1104, "inspector": 4020, "mechanic": 1284, "receptionist": 612, "janitor": 0, "carpenter": 5388, "investigator": 2100, "bartender": 552, "electrician": 0, "officer": 24792, "teacher": 13056, "plumber": 0, "instructor": 2136, "paramedic": 0, "appraiser": 0, "nutritionist": 0, "hairdresser": 0, "baker": 12636, "paralegal": 0, "assistant": 25104, "driver": 11820, "cleaner": 504, "artist": 42204, "coach": 67032, "athlete": 3756, "cashier": 0, "engineer": 14184, "educator": 2520, "manager": 49956, "therapist": 960, "administrator": 4080, "salesperson": 0, "librarian": 1248, "advisor": 4392, "pharmacist": 0, "psychologist": 2292, "physician": 4356, "nurse": 4548, "pathologist": 0, "lawyer": 11928, "planner": 552, "practicioner": 0, "surgeon": 3252, "veterinarian": 0, "examiner": 900, "chemist": 2520, "machinist": 0, "architect": 17520, "programmer": 1416, "hygienist": 0, "scientist": 6756, "CEO": 0, "CFO": 0, "CTO": 0, "president": 80712, "owner": 19476, "chairman": 21924, "designer": 12372, "broker": 1524, "entrepreneur": 5172, "director": 84708, "professor": 36924, "principal": 12780}}}