{"pu": {"pleasant": {"friend": 104.9984458531253, "love": 91.16331394389272, "family": 73.64591430616565, "happy": 52.958466864190996, "lucky": 14.376254237722605, "pleasure": 14.251844517886639, "laughter": 12.235769970342517, "diamond": 11.634886145591736, "gift": 10.693189009092748, "honor": 8.240202342160046, "gentle": 7.686978930607438, "peace": 7.336500574601814, "honest": 6.784806746989489, "heaven": 5.580454440787435, "vacation": 5.431081764400005, "cheer": 4.483467824757099, "loyal": 4.459535639733076, "freedom": 4.031739607453346, "paradise": 2.8130730967968702, "health": 2.667095719370991, "miracle": 2.4684597719460726, "sunrise": 1.700484350323677, "caress": 1.3233037274330854, "rainbow": 0.4603924509137869, "diploma": 0}, "unpleasant": {"kill": 34.81035316782072, "death": 33.390493489801884, "murder": 14.488894534297287, "bomb": 7.829051211476326, "ugly": 6.338044419884682, "crash": 6.089209941215813, "evil": 5.911278926301748, "accident": 5.747598671354353, "divorce": 4.964941952377558, "grief": 4.273037075297907, "assault": 4.203250233083963, "jail": 3.850182134658098, "cancer": 2.9232698138803244, "hatred": 2.332308476790786, "vomit": 2.043508108705282, "disaster": 1.2047631116583943, "stink": 1.144168695434928, "rotten": 0.7923070788383484, "abuse": 0.7323996741324663, "poison": 0.6806563287973404, "tragedy": 0.26506099477410316, "sickness": 0.2365404050797224, "filth": 0, "pollute": 0, "poverty": 0}, "appearances": {"caress": 48, "freedom": 120, "health": 72, "love": 2052, "peace": 228, "cheer": 132, "friend": 2340, "heaven": 108, "loyal": 72, "pleasure": 324, "diamond": 216, "gentle": 192, "honest": 156, "lucky": 312, "rainbow": 24, "diploma": 0, "gift": 240, "honor": 228, "miracle": 60, "sunrise": 36, "family": 2040, "happy": 1200, "laughter": 252, "paradise": 72, "vacation": 144, "abuse": 24, "crash": 204, "filth": 0, "murder": 384, "sickness": 12, "accident": 180, "death": 1056, "grief": 120, "poison": 12, "stink": 48, "assault": 108, "disaster": 36, "hatred": 60, "pollute": 0, "tragedy": 12, "bomb": 228, "divorce": 96, "jail": 108, "poverty": 0, "ugly": 144, "cancer": 84, "evil": 132, "kill": 924, "rotten": 24, "vomit": 60}}}