{"pu": {"unpleasant": {"death": 1136.977565684879, "murder": 345.338653016738, "kill": 256.205588972379, "evil": 110.99167155647662, "cancer": 101.52964421299075, "crash": 90.20630679845966, "bomb": 89.04887710651853, "divorce": 72.9679271256641, "abuse": 64.7210550404207, "assault": 54.01794153281277, "disaster": 45.53998213463252, "rotten": 40.66565436854118, "jail": 39.59494993699969, "poison": 29.04470951043666, "poverty": 24.173638299166562, "ugly": 23.75746244732642, "hatred": 16.61288935326065, "stink": 6.98407023189378, "sickness": 4.67102618121724}, "pleasant": {"family": 1159.686182547853, "love": 982.8010457080549, "friend": 754.3361556783635, "honor": 204.15756565667428, "health": 185.52436661101524, "peace": 181.28318214036557, "happy": 136.65202380163012, "freedom": 99.74118493912468, "gift": 74.9225430652664, "heaven": 73.03276634281423, "paradise": 54.86603306192287, "loyal": 37.252201132057, "honest": 35.404284980060666, "pleasure": 28.671981267075992, "miracle": 27.67643149125816, "gentle": 26.993568582735072, "cheer": 21.153822962551388, "laughter": 11.265843157087993}, "appearances": {"abuse": 206, "crash": 267, "murder": 918, "sickness": 16, "death": 3528, "poison": 77, "stink": 22, "assault": 158, "disaster": 141, "hatred": 55, "bomb": 243, "divorce": 233, "jail": 130, "poverty": 84, "ugly": 70, "cancer": 332, "evil": 331, "kill": 708, "rotten": 114, "freedom": 309, "health": 631, "love": 2862, "peace": 493, "cheer": 75, "friend": 1985, "heaven": 211, "loyal": 118, "pleasure": 99, "gentle": 89, "honest": 100, "gift": 232, "honor": 652, "miracle": 83, "family": 3668, "happy": 419, "laughter": 36, "paradise": 132}}, "occupation": {"low-pay": {"coach": 8.405333198253123, "artist": 7.414710794530274, "baker": 4.015152828194827, "officer": 3.6847829985439136, "driver": 1.9642867449242405, "inspector": 1.9446380571528437, "assistant": 1.7496109272338711, "teacher": 1.5504212192475504, "counselor": 0.8228750877537604, "carpenter": 0.6945512651515741, "technician": 0.5824626878109895, "instructor": 0.5632956449179037, "clerk": 0.5043957782514226, "athlete": 0.3300857163420333, "accountant": 0, "supervisor": 0, "mechanic": 0, "receptionist": 0, "janitor": 0, "investigator": 0, "bartender": 0, "electrician": 0, "plumber": 0, "paramedic": 0, "appraiser": 0, "nutritionist": 0, "hairdresser": 0, "paralegal": 0, "cleaner": 0, "cashier": 0}, "high-pay": {"president": 36.45861361312951, "director": 17.117040187129003, "professor": 12.541071863250979, "chairman": 5.361241919808424, "manager": 4.885037480825372, "chemist": 3.9282783901310565, "scientist": 3.8675648779657674, "owner": 3.250903745797652, "designer": 2.853811704421161, "engineer": 2.7348706425075093, "principal": 2.396267996379063, "advisor": 2.0914888197462003, "lawyer": 1.5063096745443798, "physician": 1.2826480436861014, "psychologist": 0.8174654825143347, "architect": 0.8000702373867319, "surgeon": 0.705892576844973, "administrator": 0.6100274814325533, "nurse": 0.58125120364165, "educator": 0.41429170115601044, "broker": 0.3305286772004881, "therapist": 0, "salesperson": 0, "librarian": 0, "pharmacist": 0, "pathologist": 0, "planner": 0, "practicioner": 0, "veterinarian": 0, "examiner": 0, "machinist": 0, "programmer": 0, "hygienist": 0, "CEO": 0, "CFO": 0, "CTO": 0, "entrepreneur": 0}, "appearances": {"technician": 1, "accountant": 0, "supervisor": 0, "clerk": 2, "counselor": 2, "inspector": 4, "mechanic": 0, "receptionist": 0, "janitor": 0, "carpenter": 1, "investigator": 0, "bartender": 0, "electrician": 0, "officer": 9, "teacher": 5, "plumber": 0, "instructor": 1, "paramedic": 0, "appraiser": 0, "nutritionist": 0, "hairdresser": 0, "baker": 9, "paralegal": 0, "assistant": 4, "driver": 6, "cleaner": 0, "artist": 18, "coach": 17, "athlete": 1, "cashier": 0, "engineer": 8, "educator": 1, "manager": 11, "therapist": 0, "administrator": 2, "salesperson": 0, "librarian": 0, "advisor": 5, "pharmacist": 0, "psychologist": 2, "physician": 3, "nurse": 2, "pathologist": 0, "lawyer": 3, "planner": 0, "practicioner": 0, "surgeon": 2, "veterinarian": 0, "examiner": 0, "chemist": 10, "machinist": 0, "architect": 4, "programmer": 0, "hygienist": 0, "scientist": 10, "CEO": 0, "CFO": 0, "CTO": 0, "president": 77, "owner": 8, "chairman": 14, "designer": 6, "broker": 1, "entrepreneur": 0, "director": 42, "professor": 29, "principal": 6}}, "competency": {"competent": {"strong": 494.3896414113984, "active": 275.2082918377015, "effective": 96.17839306481441, "tough": 81.51598764184607, "bold": 80.41596384983079, "ambitious": 53.73966897682325, "decisive": 27.232743334374995, "competent": 19.146179483790615, "productive": 18.394892095921808, "assertive": 0}, "incompetent": {"weak": 67.30846599167442, "gentle": 40.67228141856654, "passive": 13.509010645362943, "ineffective": 10.473045996758904, "incompetent": 0, "unproductive": 0, "unambitious": 0, "indecisive": 0, "timid": 0, "unassertive": 0}, "appearances": {"competent": 61, "productive": 56, "effective": 314, "ambitious": 177, "active": 809, "decisive": 84, "strong": 1405, "tough": 240, "bold": 257, "assertive": 0, "incompetent": 0, "unproductive": 0, "ineffective": 32, "unambitious": 0, "passive": 44, "indecisive": 0, "weak": 226, "gentle": 124, "timid": 0, "unassertive": 0}}, "sci-spo": {"sports": {"football": 752.5859114668934, "track": 400.21695909122315, "sports": 320.03632290983984, "baseball": 285.424188764859, "basketball": 139.03615134530452, "soccer": 87.49579415080075, "boxing": 82.6173417906795, "jump": 53.667363020366174, "marathon": 23.319260185629844, "volleyball": 14.085954243027464, "softball": 6.444681487494859, "NCAA": 0}, "science": {"science": 412.5177374022711, "computer": 177.1371146717168, "technology": 156.42989340102932, "physics": 76.2692163793227, "chemistry": 62.052371953002854, "experiment": 56.69873450036634, "mathematics": 40.4235568716446, "biology": 29.161414400714822, "astronomy": 13.052905703337638, "genetics": 7.774447001391428, "Einstein": 0, "meteorology": 0}, "appearances": {"NCAA": 0, "sports": 849, "basketball": 469, "baseball": 843, "football": 2151, "soccer": 292, "volleyball": 53, "track": 1181, "softball": 23, "marathon": 87, "boxing": 214, "jump": 149, "science": 1222, "technology": 465, "physics": 213, "chemistry": 166, "Einstein": 0, "experiment": 152, "astronomy": 41, "computer": 511, "biology": 86, "meteorology": 0, "genetics": 24, "mathematics": 141}}}