{"abw": {"angry": {"shrill": 201.8299055649708, "abusive": 181.7664668424896, "hostile": 181.3545477857374, "aggressive": 180.26191528376563, "angry": 176.4370661502741, "controlling": 174.73753528033313, "mean": 164.19293405090397, "harsh": 162.42998986471594, "irrational": 162.10829633334507, "loud": 156.5306110175283, "sassy": 147.7642815012394, "argumentative": 139.28150223413095, "brash": 137.09005779497556, "opinionated": 130.0229107875055, "nagging": 122.11878296629166, "domineering": 112.54325560213887, "obnoxious": 111.89055244824773, "emasculating": 99.52552535805445}, "antonyms": {"friendly": 184.8031658438265, "soft": 182.66136822167041, "supportive": 173.5759087104366, "indifferent": 170.8904241977711, "rational": 165.95318277955388, "calm": 165.64438449996135, "mild": 164.45340628343536, "submissive": 160.63537291296188, "cautious": 159.41765699246787, "passive": 155.15219380301477, "pleasant": 154.39088481552594, "compromising": 153.30182029360532, "quiet": 148.7109333644396, "kind": 142.70048704673306, "demure": 138.65580548347486, "servile": 135.20783057533134, "nice": 133.21461436743496, "agreeable": 114.96853082218023}, "appearances": {"shrill": 360, "loud": 360, "argumentative": 360, "irrational": 360, "angry": 360, "abusive": 360, "obnoxious": 360, "controlling": 360, "nagging": 360, "brash": 360, "hostile": 360, "emasculating": 360, "mean": 360, "harsh": 360, "sassy": 360, "aggressive": 360, "opinionated": 360, "domineering": 360, "soft": 360, "quiet": 360, "compromising": 360, "rational": 360, "calm": 360, "kind": 360, "agreeable": 360, "servile": 360, "pleasant": 360, "cautious": 360, "friendly": 360, "supportive": 360, "nice": 360, "mild": 360, "demure": 360, "passive": 360, "indifferent": 360, "submissive": 360}}}